-- Poker Night — Data Backup
-- Generated: 2026-06-06 22:07:49
-- Run deploy/mysql-schema.sql first to create tables, then import this file.

SET FOREIGN_KEY_CHECKS = 0;
SET NAMES 'utf8mb4';

-- users (1 rows)
INSERT INTO `users` (`id`, `username`, `email`, `password`, `role`, `isActive`, `avatar_url`, `remember_token`, `createdAt`, `updatedAt`) VALUES ('d556ac5a55ce4965b392a65de63de455', 'testadmin', 'admin@poker.test', '$2y$12$VPuv3oBJg00jDD5Po0V0Pe2vRgWa8lqnx02VtiqeaAZpBHTROzfvG', 'SUPERADMIN', 1, NULL, 'jRJXDrABnGOddL19WrawnqSpjWCNVVFQHOemthNgC4go8QA720sJVleaNySP', '2026-06-06 09:28:58', '2026-06-06 09:28:58');

-- poker_groups (1 rows)
INSERT INTO `poker_groups` (`id`, `name`, `description`, `owner_id`, `invite_code`, `isActive`, `createdAt`, `updatedAt`) VALUES ('28aa0e28a82f4a61941397e5b7119e72', 'Zesty\'s Nuggets', NULL, 'd556ac5a55ce4965b392a65de63de455', 'MSENCASW', 1, '2026-06-06 09:35:56', '2026-06-06 09:35:56');

-- group_members (1 rows)
INSERT INTO `group_members` (`id`, `group_id`, `user_id`, `role`, `joined_at`) VALUES ('fa513b72b17a454fb99be84975d3b272', '28aa0e28a82f4a61941397e5b7119e72', 'd556ac5a55ce4965b392a65de63de455', 'OWNER', '2026-06-06 09:35:56');

-- group_players (6 rows)
INSERT INTO `group_players` (`id`, `group_id`, `user_id`, `name`, `nickname`, `photo_path`, `role`, `email`, `invite_token`, `createdAt`, `updatedAt`) VALUES ('b360cb7a1dae4a60802ea0751f7d31e8', '28aa0e28a82f4a61941397e5b7119e72', NULL, 'Kevin', 'Kumgor', 'players/28aa0e28a82f4a61941397e5b7119e72/vo7PUsoOMMCLmZCy7DODziX8zK0TWwCnoBDSyKR3.png', 'CORE', NULL, NULL, '2026-06-06 10:01:57', '2026-06-06 10:01:57');
INSERT INTO `group_players` (`id`, `group_id`, `user_id`, `name`, `nickname`, `photo_path`, `role`, `email`, `invite_token`, `createdAt`, `updatedAt`) VALUES ('6ace84f61e884b5f9568f4e3a4038afe', '28aa0e28a82f4a61941397e5b7119e72', NULL, 'Albert', 'Fluffy', 'players/28aa0e28a82f4a61941397e5b7119e72/8uZCqh0eSDfa2JnkIC5y6bDAjBNMSL733U4oYGUC.png', 'CORE', NULL, NULL, '2026-06-06 10:03:19', '2026-06-06 10:03:19');
INSERT INTO `group_players` (`id`, `group_id`, `user_id`, `name`, `nickname`, `photo_path`, `role`, `email`, `invite_token`, `createdAt`, `updatedAt`) VALUES ('3d0ee00c289e4296a7b51695132cb559', '28aa0e28a82f4a61941397e5b7119e72', NULL, 'Max', 'QQ', 'players/28aa0e28a82f4a61941397e5b7119e72/PZ9au89IribxaDWkkr3UOsV2Js9spGxnH6zp2V6U.png', 'CORE', NULL, NULL, '2026-06-06 10:03:55', '2026-06-06 10:03:55');
INSERT INTO `group_players` (`id`, `group_id`, `user_id`, `name`, `nickname`, `photo_path`, `role`, `email`, `invite_token`, `createdAt`, `updatedAt`) VALUES ('5418272da08f4827834a61fea2053c12', '28aa0e28a82f4a61941397e5b7119e72', NULL, 'Daniel', 'SirCap', 'players/28aa0e28a82f4a61941397e5b7119e72/QqZviUVTZje4HHmqy9VO3zTaucQb4n008fHR3zGx.png', 'CORE', NULL, NULL, '2026-06-06 10:05:09', '2026-06-06 10:05:09');
INSERT INTO `group_players` (`id`, `group_id`, `user_id`, `name`, `nickname`, `photo_path`, `role`, `email`, `invite_token`, `createdAt`, `updatedAt`) VALUES ('6e6bbfa9790641f288043508d43ad6a4', '28aa0e28a82f4a61941397e5b7119e72', 'd556ac5a55ce4965b392a65de63de455', 'Steven', 'Zesty', 'players/28aa0e28a82f4a61941397e5b7119e72/RwatVj08uyzBYnJBPzvPQPlxw6dsmAlD6ss7TKaE.png', 'CORE', 'admin@poker.test', '64pwRfco6zW7pN9AEUbRQ0QrjoPD3huU6p9QMsMU', '2026-06-06 10:24:26', '2026-06-06 10:53:11');
INSERT INTO `group_players` (`id`, `group_id`, `user_id`, `name`, `nickname`, `photo_path`, `role`, `email`, `invite_token`, `createdAt`, `updatedAt`) VALUES ('08a8fae9bb4d47c590c2e6c81b3b9a42', '28aa0e28a82f4a61941397e5b7119e72', NULL, 'Nelson', 'Nelzon', 'players/28aa0e28a82f4a61941397e5b7119e72/cHb7iEjA3zbn9shwkqofXANZxJwgvr4OqJsToysC.png', 'GUEST', NULL, NULL, '2026-06-06 18:47:40', '2026-06-06 18:47:40');

-- poker_nights (6 rows)
INSERT INTO `poker_nights` (`id`, `group_id`, `created_by`, `title`, `notes`, `scheduled_at`, `played_at`, `status`, `buy_in`, `createdAt`, `updatedAt`) VALUES ('22ec261085d446ae8c9df911c9119979', '28aa0e28a82f4a61941397e5b7119e72', 'd556ac5a55ce4965b392a65de63de455', 'June Game', NULL, '2026-06-13 02:36:00', NULL, 'SCHEDULED', NULL, '2026-06-06 09:36:21', '2026-06-06 09:36:21');
INSERT INTO `poker_nights` (`id`, `group_id`, `created_by`, `title`, `notes`, `scheduled_at`, `played_at`, `status`, `buy_in`, `createdAt`, `updatedAt`) VALUES ('ad8ac40c4d47418d9019745fd4c89a7b', '28aa0e28a82f4a61941397e5b7119e72', 'd556ac5a55ce4965b392a65de63de455', 'Jan. Game', NULL, '2026-01-10 03:06:00', '2026-06-06 10:24:09', 'COMPLETED', NULL, '2026-06-06 10:06:39', '2026-06-06 10:24:09');
INSERT INTO `poker_nights` (`id`, `group_id`, `created_by`, `title`, `notes`, `scheduled_at`, `played_at`, `status`, `buy_in`, `createdAt`, `updatedAt`) VALUES ('0dc2614739b244d18e6ee604a690cded', '28aa0e28a82f4a61941397e5b7119e72', 'd556ac5a55ce4965b392a65de63de455', 'Feb Game Night', NULL, '2026-02-14 03:07:00', '2026-06-06 10:24:46', 'COMPLETED', NULL, '2026-06-06 10:07:56', '2026-06-06 10:24:46');
INSERT INTO `poker_nights` (`id`, `group_id`, `created_by`, `title`, `notes`, `scheduled_at`, `played_at`, `status`, `buy_in`, `createdAt`, `updatedAt`) VALUES ('cfb6030a03f749b7ba13d8b757a5220a', '28aa0e28a82f4a61941397e5b7119e72', 'd556ac5a55ce4965b392a65de63de455', 'March Game Night', NULL, '2026-03-14 03:08:00', '2026-06-06 10:25:07', 'COMPLETED', NULL, '2026-06-06 10:08:26', '2026-06-06 10:25:07');
INSERT INTO `poker_nights` (`id`, `group_id`, `created_by`, `title`, `notes`, `scheduled_at`, `played_at`, `status`, `buy_in`, `createdAt`, `updatedAt`) VALUES ('5261f2049c0c4fcdaae090306d128b54', '28aa0e28a82f4a61941397e5b7119e72', 'd556ac5a55ce4965b392a65de63de455', 'April Game Night', NULL, '2026-04-11 03:21:00', '2026-06-06 10:23:12', 'COMPLETED', NULL, '2026-06-06 10:22:06', '2026-06-06 10:23:12');
INSERT INTO `poker_nights` (`id`, `group_id`, `created_by`, `title`, `notes`, `scheduled_at`, `played_at`, `status`, `buy_in`, `createdAt`, `updatedAt`) VALUES ('a4a8e76e01a446b091a8d4692a67a3b6', '28aa0e28a82f4a61941397e5b7119e72', 'd556ac5a55ce4965b392a65de63de455', 'May Game Night', NULL, '2026-05-16 18:00:00', '2026-05-16 18:00:00', 'COMPLETED', NULL, '2026-06-06 10:23:35', '2026-06-06 11:06:49');

-- game_attendees (13 rows)
INSERT INTO `game_attendees` (`id`, `poker_night_id`, `user_id`, `group_player_id`, `placement`, `rsvp`, `createdAt`) VALUES ('ad7baa96d0b241a791eb6e091224c971', '22ec261085d446ae8c9df911c9119979', 'd556ac5a55ce4965b392a65de63de455', '6e6bbfa9790641f288043508d43ad6a4', NULL, 'GOING', '2026-06-06 09:45:25');
INSERT INTO `game_attendees` (`id`, `poker_night_id`, `user_id`, `group_player_id`, `placement`, `rsvp`, `createdAt`) VALUES ('31d5cb315fa94046a4fd3168455e73a0', '5261f2049c0c4fcdaae090306d128b54', NULL, 'b360cb7a1dae4a60802ea0751f7d31e8', 1, NULL, '2026-06-06 10:23:12');
INSERT INTO `game_attendees` (`id`, `poker_night_id`, `user_id`, `group_player_id`, `placement`, `rsvp`, `createdAt`) VALUES ('6d4a0f9cdb6e477785e716b8bf6f3e1d', '0dc2614739b244d18e6ee604a690cded', NULL, '6ace84f61e884b5f9568f4e3a4038afe', 1, NULL, '2026-06-06 10:24:46');
INSERT INTO `game_attendees` (`id`, `poker_night_id`, `user_id`, `group_player_id`, `placement`, `rsvp`, `createdAt`) VALUES ('381d6bc23e37447590204b23dbd51a39', '0dc2614739b244d18e6ee604a690cded', 'd556ac5a55ce4965b392a65de63de455', '6e6bbfa9790641f288043508d43ad6a4', 2, 'GOING', '2026-06-06 10:24:46');
INSERT INTO `game_attendees` (`id`, `poker_night_id`, `user_id`, `group_player_id`, `placement`, `rsvp`, `createdAt`) VALUES ('f326c1f51f7c442b888e750be277ee3c', 'cfb6030a03f749b7ba13d8b757a5220a', NULL, '6ace84f61e884b5f9568f4e3a4038afe', 1, NULL, '2026-06-06 10:25:07');
INSERT INTO `game_attendees` (`id`, `poker_night_id`, `user_id`, `group_player_id`, `placement`, `rsvp`, `createdAt`) VALUES ('c4267b35f12e4189bd81f2199098603e', 'cfb6030a03f749b7ba13d8b757a5220a', 'd556ac5a55ce4965b392a65de63de455', '6e6bbfa9790641f288043508d43ad6a4', 2, 'GOING', '2026-06-06 10:25:07');
INSERT INTO `game_attendees` (`id`, `poker_night_id`, `user_id`, `group_player_id`, `placement`, `rsvp`, `createdAt`) VALUES ('248f26aa181c4eccb9abc9a9aeb6c11f', 'a4a8e76e01a446b091a8d4692a67a3b6', NULL, '3d0ee00c289e4296a7b51695132cb559', 1, NULL, '2026-06-06 10:25:21');
INSERT INTO `game_attendees` (`id`, `poker_night_id`, `user_id`, `group_player_id`, `placement`, `rsvp`, `createdAt`) VALUES ('8f93fca32dbc4be6b325c9ed643ce9a4', 'a4a8e76e01a446b091a8d4692a67a3b6', 'd556ac5a55ce4965b392a65de63de455', '6e6bbfa9790641f288043508d43ad6a4', 2, NULL, '2026-06-06 10:25:21');
INSERT INTO `game_attendees` (`id`, `poker_night_id`, `user_id`, `group_player_id`, `placement`, `rsvp`, `createdAt`) VALUES ('52ab0968028647e890f542a55f2e2f86', 'ad8ac40c4d47418d9019745fd4c89a7b', NULL, 'b360cb7a1dae4a60802ea0751f7d31e8', 1, NULL, '2026-06-06 10:55:16');
INSERT INTO `game_attendees` (`id`, `poker_night_id`, `user_id`, `group_player_id`, `placement`, `rsvp`, `createdAt`) VALUES ('b37b629f75dd47538f49047e552ab060', 'ad8ac40c4d47418d9019745fd4c89a7b', NULL, '6ace84f61e884b5f9568f4e3a4038afe', 2, NULL, '2026-06-06 10:55:16');
INSERT INTO `game_attendees` (`id`, `poker_night_id`, `user_id`, `group_player_id`, `placement`, `rsvp`, `createdAt`) VALUES ('00441f249a014c99aa3d16ee7c59902c', 'ad8ac40c4d47418d9019745fd4c89a7b', NULL, '5418272da08f4827834a61fea2053c12', 3, NULL, '2026-06-06 10:55:16');
INSERT INTO `game_attendees` (`id`, `poker_night_id`, `user_id`, `group_player_id`, `placement`, `rsvp`, `createdAt`) VALUES ('549775b3f69e4071bb474eec727c985b', 'ad8ac40c4d47418d9019745fd4c89a7b', NULL, '3d0ee00c289e4296a7b51695132cb559', 4, NULL, '2026-06-06 10:55:16');
INSERT INTO `game_attendees` (`id`, `poker_night_id`, `user_id`, `group_player_id`, `placement`, `rsvp`, `createdAt`) VALUES ('ea72454f41fa449baa18bc81b4df8fe2', 'ad8ac40c4d47418d9019745fd4c89a7b', 'd556ac5a55ce4965b392a65de63de455', '6e6bbfa9790641f288043508d43ad6a4', 5, NULL, '2026-06-06 10:55:16');

-- game_images (5 rows)
INSERT INTO `game_images` (`id`, `poker_night_id`, `uploaded_by`, `file_path`, `caption`, `is_cover`, `sort_order`, `createdAt`) VALUES ('f35fd79bea004240bd5b0d10491df560', 'cfb6030a03f749b7ba13d8b757a5220a', 'd556ac5a55ce4965b392a65de63de455', 'poker-nights/cfb6030a03f749b7ba13d8b757a5220a/rcZ1gjiHJrQDmONaEPn0gqkmz4COeJvufU3pXp8A.jpg', NULL, 1, 0, '2026-06-06 10:31:46');
INSERT INTO `game_images` (`id`, `poker_night_id`, `uploaded_by`, `file_path`, `caption`, `is_cover`, `sort_order`, `createdAt`) VALUES ('cecb9eba34ff4884a5ddfae0e5d5e427', 'cfb6030a03f749b7ba13d8b757a5220a', 'd556ac5a55ce4965b392a65de63de455', 'poker-nights/cfb6030a03f749b7ba13d8b757a5220a/oW580JVEcWM4aZl72dL744w7EhMfo1Yq2BNFWRtz.jpg', NULL, 0, 1, '2026-06-06 10:31:54');
INSERT INTO `game_images` (`id`, `poker_night_id`, `uploaded_by`, `file_path`, `caption`, `is_cover`, `sort_order`, `createdAt`) VALUES ('874f6ce317bc487492dbe2998b5f83bb', 'ad8ac40c4d47418d9019745fd4c89a7b', 'd556ac5a55ce4965b392a65de63de455', 'poker-nights/ad8ac40c4d47418d9019745fd4c89a7b/iMSUfwq2jDWwoyawGILNClAHqWiiUr5zhu9097Yw.jpg', NULL, 1, 0, '2026-06-06 10:48:51');
INSERT INTO `game_images` (`id`, `poker_night_id`, `uploaded_by`, `file_path`, `caption`, `is_cover`, `sort_order`, `createdAt`) VALUES ('3092e2ee80324cfbb534839af2bfaea1', 'a4a8e76e01a446b091a8d4692a67a3b6', 'd556ac5a55ce4965b392a65de63de455', 'poker-nights/a4a8e76e01a446b091a8d4692a67a3b6/yOHLEYK5Qq3u7F9wSORHK0v0XYcw1PaeIVKDJa5E.jpg', NULL, 1, 0, '2026-06-06 11:06:09');
INSERT INTO `game_images` (`id`, `poker_night_id`, `uploaded_by`, `file_path`, `caption`, `is_cover`, `sort_order`, `createdAt`) VALUES ('5b4a723f3d5a4bb0871a7cc495c4ccd6', 'cfb6030a03f749b7ba13d8b757a5220a', 'd556ac5a55ce4965b392a65de63de455', 'poker-nights/cfb6030a03f749b7ba13d8b757a5220a/UOmDSh5oxWASxEXa2vFXuHY8nqGkpOuhtl9oinnK.jpg', NULL, 0, 2, '2026-06-06 20:19:49');

SET FOREIGN_KEY_CHECKS = 1;
